from,to,total
Algeria,United States,2
Andorra,United Kingdom,2
Andorra,Sweden,2
Andorra,Spain,2
Andorra,Slovenia,2
Andorra,Slovakia,2
Andorra,Romania,2
Andorra,Portugal,2
Andorra,Poland,2
Andorra,Netherlands,2
Andorra,Malta,2
Andorra,Luxembourg,2
Andorra,Lithuania,2
Andorra,Latvia,2
Andorra,Italy,2
Andorra,Ireland,2
Andorra,Hungary,2
Andorra,Greece,2
Andorra,Gibraltar,2
Andorra,Germany,2
Andorra,France,2
Andorra,Finland,2
Andorra,Estonia,2
Andorra,Denmark,2
Andorra,Czech Republic,2
Andorra,Cyprus,2
Andorra,Croatia,2
Andorra,Bulgaria,2
Andorra,Belgium,2
Andorra,Austria,2
Angola,United States,2
Anguilla,United States,2
Anguilla,United Kingdom,11
Anguilla,Sweden,7
Anguilla,Spain,7
Anguilla,Slovenia,7
Anguilla,Slovakia,7
Anguilla,Romania,7
Anguilla,Portugal,7
Anguilla,Poland,7
Anguilla,Netherlands,7
Anguilla,Malta,7
Anguilla,Luxembourg,7
Anguilla,Lithuania,7
Anguilla,Latvia,7
Anguilla,Italy,7
Anguilla,Ireland,7
Anguilla,Hungary,7
Anguilla,Greece,7
Anguilla,Gibraltar,7
Anguilla,Germany,7
Anguilla,France,7
Anguilla,Finland,7
Anguilla,Estonia,7
Anguilla,Denmark,7
Anguilla,Czech Republic,7
Anguilla,Cyprus,7
Anguilla,Croatia,3
Anguilla,Bulgaria,7
Anguilla,Belgium,7
Anguilla,Austria,7
Antigua and Barbuda,United States,2
Argentina,United Kingdom,2
Argentina,Sweden,2
Argentina,Spain,2
Argentina,South Africa,2
Argentina,Slovenia,2
Argentina,Seychelles,2
Argentina,Romania,2
Argentina,Norway,2
Argentina,Netherlands,2
Argentina,Mexico,2
Argentina,Malta,2
Argentina,Luxembourg,2
Argentina,Lithuania,2
Argentina,Latvia,2
Argentina,"Korea, Republic of",2
Argentina,Jersey,2
Argentina,Italy,2
Argentina,Isle of Man,2
Argentina,Ireland,2
Argentina,India,2
Argentina,Iceland,2
Argentina,Hungary,2
Argentina,Guernsey,2
Argentina,Gibraltar,2
Argentina,Germany,2
Argentina,France,2
Argentina,Finland,2
Argentina,Faroe Islands,2
Argentina,Estonia,2
Argentina,Denmark,2
Argentina,Czech Republic,2
Argentina,Bulgaria,2
Argentina,Belgium,2
Armenia,United States,2
Aruba,United Kingdom,7
Aruba,Sweden,7
Aruba,Spain,7
Aruba,Slovenia,7
Aruba,Slovakia,7
Aruba,Romania,7
Aruba,Portugal,7
Aruba,Poland,7
Aruba,Netherlands,7
Aruba,Malta,7
Aruba,Luxembourg,7
Aruba,Lithuania,7
Aruba,Latvia,7
Aruba,Italy,7
Aruba,Ireland,7
Aruba,Hungary,7
Aruba,Greece,7
Aruba,Gibraltar,7
Aruba,Germany,7
Aruba,France,7
Aruba,Finland,7
Aruba,Estonia,7
Aruba,Denmark,7
Aruba,Czech Republic,7
Aruba,Cyprus,7
Aruba,Croatia,3
Aruba,Bulgaria,7
Aruba,Belgium,7
Aruba,Austria,7
Australia,United States,4
Austria,United States,4
Austria,United Kingdom,1
Austria,Switzerland,1
Austria,Sweden,1
Austria,Spain,1
Austria,Slovenia,1
Austria,Slovakia,1
Austria,San Marino,1
Austria,Romania,1
Austria,Portugal,1
Austria,Poland,1
Austria,Netherlands,1
Austria,Monaco,1
Austria,Malta,1
Austria,Luxembourg,1
Austria,Lithuania,1
Austria,Liechtenstein,1
Austria,Latvia,1
Austria,Italy,1
Austria,Ireland,1
Austria,Hungary,1
Austria,Greece,1
Austria,Gibraltar,1
Austria,Germany,1
Austria,France,1
Austria,Finland,1
Austria,Estonia,1
Austria,Denmark,1
Austria,Czech Republic,1
Austria,Cyprus,1
Austria,Croatia,1
Austria,Bulgaria,1
Austria,Belgium,1
Austria,Andorra,1
Azerbaijan,United States,3
Bahamas,United States,3
Bahrain,United States,2
Barbados,United States,3
Belarus,United States,3
Belgium,"Virgin Islands, British",7
Belgium,United States,2
Belgium,United Kingdom,9
Belgium,Switzerland,2
Belgium,Sweden,9
Belgium,Spain,9
Belgium,South Africa,2
Belgium,Slovenia,9
Belgium,Slovakia,9
Belgium,Seychelles,2
Belgium,San Marino,2
Belgium,Romania,9
Belgium,Portugal,9
Belgium,Poland,9
Belgium,Norway,2
Belgium,Netherlands,9
Belgium,Montserrat,7
Belgium,Monaco,2
Belgium,Mexico,2
Belgium,Malta,9
Belgium,Luxembourg,9
Belgium,Lithuania,9
Belgium,Liechtenstein,2
Belgium,Latvia,9
Belgium,"Korea, Republic of",2
Belgium,Jersey,9
Belgium,Italy,9
Belgium,Isle of Man,9
Belgium,Ireland,9
Belgium,India,2
Belgium,Iceland,2
Belgium,Hungary,9
Belgium,Guernsey,9
Belgium,Greece,9
Belgium,Gibraltar,9
Belgium,Germany,9
Belgium,France,9
Belgium,Finland,9
Belgium,Faroe Islands,2
Belgium,Estonia,9
Belgium,Denmark,9
Belgium,Czech Republic,9
Belgium,Cyprus,9
Belgium,Curacao,7
Belgium,Croatia,5
Belgium,Bulgaria,9
Belgium,"Bonaire, Sint Eustatius and Saba",2
Belgium,Belgium,2
Belgium,Austria,7
Belgium,Aruba,7
Belgium,Argentina,2
Belgium,Andorra,2
Bermuda,United States,4
Bermuda,United Kingdom,2
Bermuda,Sweden,2
Bermuda,Spain,2
Bermuda,South Africa,2
Bermuda,Slovenia,2
Bermuda,Slovakia,2
Bermuda,Seychelles,2
Bermuda,San Marino,2
Bermuda,Romania,2
Bermuda,Norway,2
Bermuda,Netherlands,2
Bermuda,Mexico,2
Bermuda,Malta,2
Bermuda,Luxembourg,2
Bermuda,Lithuania,2
Bermuda,Latvia,2
Bermuda,"Korea, Republic of",2
Bermuda,Italy,2
Bermuda,Ireland,2
Bermuda,India,2
Bermuda,Iceland,2
Bermuda,Hungary,2
Bermuda,Germany,2
Bermuda,France,2
Bermuda,Finland,2
Bermuda,Faroe Islands,2
Bermuda,Estonia,2
Bermuda,Denmark,2
Bermuda,Czech Republic,2
Bermuda,Bulgaria,1
Bermuda,Belgium,2
Bermuda,Argentina,2
"Bonaire, Sint Eustatius and Saba",United Kingdom,2
"Bonaire, Sint Eustatius and Saba",Spain,2
"Bonaire, Sint Eustatius and Saba",Slovenia,2
"Bonaire, Sint Eustatius and Saba",Luxembourg,2
"Bonaire, Sint Eustatius and Saba",Ireland,2
"Bonaire, Sint Eustatius and Saba",France,2
"Bonaire, Sint Eustatius and Saba",Estonia,2
"Bonaire, Sint Eustatius and Saba",Denmark,2
"Bonaire, Sint Eustatius and Saba",Czech Republic,2
"Bonaire, Sint Eustatius and Saba",Belgium,2
Brazil,United States,3
Bulgaria,"Virgin Islands, British",7
Bulgaria,United States,3
Bulgaria,United Kingdom,9
Bulgaria,Switzerland,2
Bulgaria,Sweden,9
Bulgaria,Spain,9
Bulgaria,South Africa,1
Bulgaria,Slovenia,9
Bulgaria,Slovakia,9
Bulgaria,Seychelles,1
Bulgaria,San Marino,2
Bulgaria,Romania,9
Bulgaria,Portugal,9
Bulgaria,Poland,9
Bulgaria,Norway,1
Bulgaria,Netherlands,9
Bulgaria,Montserrat,7
Bulgaria,Monaco,2
Bulgaria,Mexico,1
Bulgaria,Malta,9
Bulgaria,Luxembourg,9
Bulgaria,Lithuania,9
Bulgaria,Liechtenstein,2
Bulgaria,Latvia,9
Bulgaria,"Korea, Republic of",1
Bulgaria,Jersey,8
Bulgaria,Italy,9
Bulgaria,Isle of Man,8
Bulgaria,Ireland,9
Bulgaria,India,1
Bulgaria,Iceland,1
Bulgaria,Hungary,9
Bulgaria,Guernsey,8
Bulgaria,Greece,9
Bulgaria,Gibraltar,9
Bulgaria,Germany,9
Bulgaria,France,9
Bulgaria,Finland,9
Bulgaria,Faroe Islands,1
Bulgaria,Estonia,9
Bulgaria,Denmark,9
Bulgaria,Czech Republic,9
Bulgaria,Cyprus,9
Bulgaria,Curacao,7
Bulgaria,Croatia,5
Bulgaria,Belgium,9
Bulgaria,Austria,9
Bulgaria,Aruba,7
Bulgaria,Argentina,1
Bulgaria,Andorra,2
Cambodia,United States,2
Canada,United States,4
Cape Verde,United States,2
Cayman Islands,United States,4
Cayman Islands,United Kingdom,9
Cayman Islands,Sweden,9
Cayman Islands,Spain,9
Cayman Islands,South Africa,2
Cayman Islands,Slovenia,9
Cayman Islands,Slovakia,9
Cayman Islands,Seychelles,2
Cayman Islands,San Marino,2
Cayman Islands,Romania,9
Cayman Islands,Portugal,7
Cayman Islands,Poland,7
Cayman Islands,Norway,2
Cayman Islands,Netherlands,9
Cayman Islands,Mexico,2
Cayman Islands,Malta,9
Cayman Islands,Luxembourg,9
Cayman Islands,Lithuania,9
Cayman Islands,Latvia,9
Cayman Islands,"Korea, Republic of",2
Cayman Islands,Italy,9
Cayman Islands,Ireland,9
Cayman Islands,India,2
Cayman Islands,Iceland,2
Cayman Islands,Hungary,9
Cayman Islands,Greece,7
Cayman Islands,Gibraltar,7
Cayman Islands,Germany,9
Cayman Islands,France,9
Cayman Islands,Finland,9
Cayman Islands,Faroe Islands,2
Cayman Islands,Estonia,9
Cayman Islands,Denmark,9
Cayman Islands,Czech Republic,9
Cayman Islands,Cyprus,7
Cayman Islands,Croatia,3
Cayman Islands,Bulgaria,8
Cayman Islands,Belgium,9
Cayman Islands,Austria,7
Cayman Islands,Argentina,2
Chile,United States,2
China,United States,2
Colombia,United States,3
Costa Rica,United States,2
Croatia,"Virgin Islands, British",3
Croatia,United States,2
Croatia,United Kingdom,5
Croatia,Switzerland,2
Croatia,Sweden,5
Croatia,Spain,5
Croatia,Slovenia,5
Croatia,Slovakia,5
Croatia,San Marino,2
Croatia,Romania,5
Croatia,Portugal,5
Croatia,Poland,5
Croatia,Netherlands,5
Croatia,Montserrat,3
Croatia,Monaco,2
Croatia,Malta,5
Croatia,Luxembourg,5
Croatia,Lithuania,5
Croatia,Liechtenstein,2
Croatia,Latvia,5
Croatia,Jersey,3
Croatia,Italy,5
Croatia,Isle of Man,3
Croatia,Ireland,5
Croatia,Hungary,5
Croatia,Guernsey,3
Croatia,Greece,5
Croatia,Gibraltar,5
Croatia,Germany,5
Croatia,France,5
Croatia,Finland,5
Croatia,Estonia,5
Croatia,Denmark,5
Croatia,Czech Republic,5
Croatia,Cyprus,5
Croatia,Curacao,3
Croatia,Bulgaria,5
Croatia,Belgium,5
Croatia,Austria,5
Croatia,Aruba,3
Croatia,Andorra,2
Curacao,United States,2
Cyprus,"Virgin Islands, British",7
Cyprus,United States,3
Cyprus,United Kingdom,9
Cyprus,Switzerland,2
Cyprus,Sweden,9
Cyprus,Spain,9
Cyprus,Slovenia,9
Cyprus,Slovakia,9
Cyprus,San Marino,2
Cyprus,Romania,9
Cyprus,Portugal,9
Cyprus,Poland,9
Cyprus,Netherlands,9
Cyprus,Montserrat,7
Cyprus,Monaco,2
Cyprus,Malta,9
Cyprus,Luxembourg,9
Cyprus,Lithuania,9
Cyprus,Liechtenstein,2
Cyprus,Latvia,9
Cyprus,Jersey,7
Cyprus,Italy,9
Cyprus,Isle of Man,7
Cyprus,Ireland,9
Cyprus,Hungary,9
Cyprus,Guernsey,7
Cyprus,Greece,9
Cyprus,Gibraltar,9
Cyprus,Germany,9
Cyprus,France,9
Cyprus,Finland,9
Cyprus,Estonia,9
Cyprus,Denmark,9
Cyprus,Czech Republic,9
Cyprus,Curacao,7
Cyprus,Croatia,5
Cyprus,Bulgaria,9
Cyprus,Belgium,9
Cyprus,Austria,9
Cyprus,Aruba,7
Cyprus,Andorra,2
Czech Republic,"Virgin Islands, British",7
Czech Republic,United States,4
Czech Republic,United Kingdom,9
Czech Republic,Switzerland,2
Czech Republic,Sweden,9
Czech Republic,Spain,9
Czech Republic,South Africa,2
Czech Republic,Slovenia,9
Czech Republic,Slovakia,9
Czech Republic,Seychelles,2
Czech Republic,San Marino,2
Czech Republic,Romania,9
Czech Republic,Portugal,9
Czech Republic,Poland,9
Czech Republic,Norway,2
Czech Republic,Netherlands,9
Czech Republic,Montserrat,7
Czech Republic,Monaco,2
Czech Republic,Mexico,2
Czech Republic,Malta,9
Czech Republic,Luxembourg,9
Czech Republic,Lithuania,9
Czech Republic,Liechtenstein,2
Czech Republic,Latvia,9
Czech Republic,"Korea, Republic of",2
Czech Republic,Jersey,9
Czech Republic,Italy,9
Czech Republic,Isle of Man,9
Czech Republic,Ireland,9
Czech Republic,India,2
Czech Republic,Iceland,2
Czech Republic,Hungary,9
Czech Republic,Guernsey,9
Czech Republic,Greece,9
Czech Republic,Gibraltar,9
Czech Republic,Germany,9
Czech Republic,France,9
Czech Republic,Finland,9
Czech Republic,Faroe Islands,2
Czech Republic,Estonia,9
Czech Republic,Denmark,9
Czech Republic,Cyprus,9
Czech Republic,Curacao,7
Czech Republic,Croatia,5
Czech Republic,Bulgaria,9
Czech Republic,"Bonaire, Sint Eustatius and Saba",2
Czech Republic,Belgium,9
Czech Republic,Austria,9
Czech Republic,Aruba,7
Czech Republic,Argentina,2
Czech Republic,Andorra,2
Denmark,"Virgin Islands, British",7
Denmark,United States,3
Denmark,United Kingdom,9
Denmark,Switzerland,2
Denmark,Sweden,9
Denmark,Spain,9
Denmark,South Africa,2
Denmark,Slovenia,9
Denmark,Slovakia,9
Denmark,Seychelles,2
Denmark,San Marino,2
Denmark,Romania,9
Denmark,Portugal,9
Denmark,Poland,9
Denmark,Norway,2
Denmark,Netherlands,9
Denmark,Montserrat,7
Denmark,Monaco,2
Denmark,Mexico,2
Denmark,Malta,9
Denmark,Luxembourg,9
Denmark,Lithuania,9
Denmark,Liechtenstein,2
Denmark,Latvia,9
Denmark,"Korea, Republic of",2
Denmark,Jersey,9
Denmark,Italy,9
Denmark,Isle of Man,9
Denmark,Ireland,9
Denmark,India,2
Denmark,Iceland,2
Denmark,Hungary,9
Denmark,Guernsey,9
Denmark,Greece,9
Denmark,Gibraltar,9
Denmark,Germany,9
Denmark,France,9
Denmark,Finland,9
Denmark,Faroe Islands,2
Denmark,Estonia,9
Denmark,Czech Republic,9
Denmark,Cyprus,9
Denmark,Curacao,7
Denmark,Croatia,5
Denmark,Bulgaria,9
Denmark,"Bonaire, Sint Eustatius and Saba",2
Denmark,Belgium,9
Denmark,Austria,9
Denmark,Aruba,7
Denmark,Argentina,2
Denmark,Andorra,2
Dominica,United States,2
Dominican Republic,United States,2
Estonia,"Virgin Islands, British",7
Estonia,United States,4
Estonia,United Kingdom,9
Estonia,Switzerland,2
Estonia,Sweden,9
Estonia,Spain,9
Estonia,South Africa,2
Estonia,Slovenia,9
Estonia,Slovakia,9
Estonia,Seychelles,2
Estonia,San Marino,2
Estonia,Romania,9
Estonia,Portugal,9
Estonia,Poland,9
Estonia,Norway,2
Estonia,Netherlands,9
Estonia,Montserrat,7
Estonia,Monaco,2
Estonia,Mexico,2
Estonia,Malta,9
Estonia,Luxembourg,9
Estonia,Lithuania,9
Estonia,Liechtenstein,2
Estonia,Latvia,9
Estonia,"Korea, Republic of",2
Estonia,Jersey,9
Estonia,Italy,9
Estonia,Isle of Man,9
Estonia,Ireland,9
Estonia,India,2
Estonia,Iceland,2
Estonia,Hungary,9
Estonia,Guernsey,9
Estonia,Greece,9
Estonia,Gibraltar,9
Estonia,Germany,9
Estonia,France,9
Estonia,Finland,9
Estonia,Faroe Islands,2
Estonia,Denmark,9
Estonia,Czech Republic,9
Estonia,Cyprus,9
Estonia,Curacao,7
Estonia,Croatia,5
Estonia,Bulgaria,9
Estonia,"Bonaire, Sint Eustatius and Saba",2
Estonia,Belgium,9
Estonia,Austria,9
Estonia,Aruba,7
Estonia,Argentina,2
Estonia,Andorra,2
Faroe Islands,United Kingdom,2
Faroe Islands,Sweden,2
Faroe Islands,Spain,2
Faroe Islands,South Africa,2
Faroe Islands,Slovenia,2
Faroe Islands,Slovakia,2
Faroe Islands,San Marino,2
Faroe Islands,Romania,2
Faroe Islands,Norway,2
Faroe Islands,Netherlands,2
Faroe Islands,Mexico,2
Faroe Islands,Malta,2
Faroe Islands,Luxembourg,2
Faroe Islands,Lithuania,2
Faroe Islands,Latvia,2
Faroe Islands,"Korea, Republic of",2
Faroe Islands,Jersey,2
Faroe Islands,Italy,2
Faroe Islands,Isle of Man,2
Faroe Islands,Ireland,2
Faroe Islands,India,2
Faroe Islands,Iceland,2
Faroe Islands,Hungary,2
Faroe Islands,Guernsey,2
Faroe Islands,Gibraltar,2
Faroe Islands,Germany,2
Faroe Islands,France,2
Faroe Islands,Finland,2
Faroe Islands,Estonia,2
Faroe Islands,Denmark,2
Faroe Islands,Czech Republic,2
Faroe Islands,Bulgaria,1
Faroe Islands,Belgium,2
Faroe Islands,Argentina,2
Finland,"Virgin Islands, British",7
Finland,United States,3
Finland,United Kingdom,9
Finland,Switzerland,2
Finland,Sweden,9
Finland,Spain,9
Finland,South Africa,2
Finland,Slovenia,9
Finland,Slovakia,9
Finland,Seychelles,2
Finland,San Marino,2
Finland,Romania,9
Finland,Portugal,9
Finland,Poland,9
Finland,Norway,2
Finland,Netherlands,9
Finland,Montserrat,7
Finland,Monaco,2
Finland,Mexico,2
Finland,Malta,9
Finland,Luxembourg,9
Finland,Lithuania,9
Finland,Liechtenstein,2
Finland,Latvia,9
Finland,"Korea, Republic of",2
Finland,Jersey,9
Finland,Italy,9
Finland,Isle of Man,9
Finland,Ireland,9
Finland,India,2
Finland,Iceland,2
Finland,Hungary,9
Finland,Guernsey,9
Finland,Greece,9
Finland,Gibraltar,9
Finland,Germany,9
Finland,France,9
Finland,Faroe Islands,2
Finland,Estonia,9
Finland,Denmark,9
Finland,Czech Republic,9
Finland,Cyprus,9
Finland,Curacao,7
Finland,Croatia,5
Finland,Bulgaria,9
Finland,Belgium,9
Finland,Austria,9
Finland,Aruba,7
Finland,Argentina,2
Finland,Andorra,2
France,"Virgin Islands, British",7
France,United States,4
France,United Kingdom,9
France,Switzerland,2
France,Sweden,9
France,Spain,9
France,South Africa,2
France,Slovenia,9
France,Slovakia,9
France,Seychelles,2
France,San Marino,2
France,Romania,9
France,Portugal,9
France,Poland,9
France,Norway,2
France,Netherlands,9
France,Montserrat,7
France,Monaco,2
France,Mexico,2
France,Malta,9
France,Luxembourg,9
France,Lithuania,9
France,Liechtenstein,2
France,Latvia,9
France,"Korea, Republic of",2
France,Jersey,9
France,Italy,9
France,Isle of Man,9
France,Ireland,9
France,India,2
France,Iceland,2
France,Hungary,9
France,Guernsey,9
France,Greece,9
France,Gibraltar,9
France,Germany,9
France,Finland,9
France,Faroe Islands,2
France,Estonia,9
France,Denmark,9
France,Czech Republic,9
France,Cyprus,9
France,Curacao,7
France,Croatia,5
France,Bulgaria,9
France,"Bonaire, Sint Eustatius and Saba",2
France,Belgium,9
France,Austria,9
France,Aruba,7
France,Argentina,2
France,Andorra,2
Georgia,United States,3
Germany,"Virgin Islands, British",7
Germany,United States,5
Germany,United Kingdom,9
Germany,Switzerland,2
Germany,Sweden,9
Germany,Spain,9
Germany,South Africa,2
Germany,Slovenia,9
Germany,Slovakia,9
Germany,Seychelles,2
Germany,San Marino,2
Germany,Romania,9
Germany,Portugal,9
Germany,Poland,9
Germany,Norway,2
Germany,Netherlands,9
Germany,Montserrat,7
Germany,Monaco,2
Germany,Mexico,2
Germany,Malta,9
Germany,Luxembourg,9
Germany,Lithuania,9
Germany,Liechtenstein,2
Germany,Latvia,9
Germany,"Korea, Republic of",2
Germany,Jersey,9
Germany,Italy,9
Germany,Isle of Man,9
Germany,Ireland,9
Germany,India,2
Germany,Iceland,2
Germany,Hungary,9
Germany,Guernsey,9
Germany,Greece,9
Germany,Gibraltar,9
Germany,France,9
Germany,Finland,9
Germany,Faroe Islands,2
Germany,Estonia,9
Germany,Denmark,9
Germany,Czech Republic,9
Germany,Cyprus,9
Germany,Curacao,7
Germany,Croatia,5
Germany,Bulgaria,9
Germany,Belgium,9
Germany,Austria,9
Germany,Aruba,7
Germany,Argentina,2
Germany,Andorra,2
Gibraltar,United States,3
Gibraltar,United Kingdom,6
Gibraltar,Switzerland,2
Gibraltar,Sweden,9
Gibraltar,Spain,9
Gibraltar,South Africa,2
Gibraltar,Slovenia,9
Gibraltar,Slovakia,9
Gibraltar,Seychelles,2
Gibraltar,San Marino,2
Gibraltar,Romania,9
Gibraltar,Portugal,9
Gibraltar,Poland,9
Gibraltar,Norway,2
Gibraltar,Netherlands,9
Gibraltar,Monaco,2
Gibraltar,Mexico,2
Gibraltar,Malta,9
Gibraltar,Luxembourg,9
Gibraltar,Lithuania,9
Gibraltar,Liechtenstein,2
Gibraltar,Latvia,9
Gibraltar,"Korea, Republic of",2
Gibraltar,Italy,9
Gibraltar,Ireland,9
Gibraltar,India,2
Gibraltar,Iceland,2
Gibraltar,Hungary,9
Gibraltar,Greece,9
Gibraltar,Germany,9
Gibraltar,France,9
Gibraltar,Finland,9
Gibraltar,Faroe Islands,2
Gibraltar,Estonia,9
Gibraltar,Denmark,9
Gibraltar,Czech Republic,9
Gibraltar,Cyprus,9
Gibraltar,Croatia,5
Gibraltar,Bulgaria,9
Gibraltar,Belgium,9
Gibraltar,Austria,9
Gibraltar,Argentina,2
Gibraltar,Andorra,2
Greece,"Virgin Islands, British",7
Greece,United States,2
Greece,United Kingdom,9
Greece,Switzerland,2
Greece,Sweden,9
Greece,Spain,9
Greece,Slovenia,9
Greece,Slovakia,9
Greece,San Marino,2
Greece,Romania,9
Greece,Portugal,9
Greece,Poland,9
Greece,Netherlands,9
Greece,Montserrat,7
Greece,Monaco,2
Greece,Malta,9
Greece,Luxembourg,9
Greece,Lithuania,9
Greece,Liechtenstein,2
Greece,Latvia,9
Greece,Jersey,7
Greece,Italy,9
Greece,Isle of Man,7
Greece,Ireland,9
Greece,Hungary,9
Greece,Guernsey,7
Greece,Gibraltar,9
Greece,Germany,9
Greece,France,9
Greece,Finland,9
Greece,Estonia,9
Greece,Denmark,9
Greece,Czech Republic,9
Greece,Cyprus,9
Greece,Curacao,7
Greece,Croatia,5
Greece,Bulgaria,9
Greece,Belgium,9
Greece,Austria,9
Greece,Aruba,7
Greece,Andorra,2
Greenland,United States,2
Greenland,United Kingdom,2
Greenland,Sweden,2
Greenland,Spain,2
Greenland,Slovenia,2
Greenland,Norway,2
Greenland,Netherlands,2
Greenland,Mexico,2
Greenland,Malta,2
Greenland,Luxembourg,2
Greenland,Latvia,2
Greenland,Jersey,2
Greenland,Italy,2
Greenland,Isle of Man,2
Greenland,Ireland,2
Greenland,India,2
Greenland,Iceland,2
Greenland,Guernsey,2
Greenland,Gibraltar,2
Greenland,Germany,2
Greenland,France,2
Greenland,Finland,2
Greenland,Faroe Islands,2
Greenland,Estonia,2
Greenland,Denmark,2
Greenland,Bulgaria,1
Greenland,Belgium,2
Grenada,United States,2
Guernsey,United States,3
Guernsey,United Kingdom,9
Guernsey,Sweden,7
Guernsey,Spain,7
Guernsey,South Africa,2
Guernsey,Slovenia,7
Guernsey,Slovakia,7
Guernsey,Seychelles,2
Guernsey,San Marino,2
Guernsey,Romania,7
Guernsey,Portugal,5
Guernsey,Poland,5
Guernsey,Norway,2
Guernsey,Netherlands,7
Guernsey,Mexico,2
Guernsey,Malta,7
Guernsey,Luxembourg,7
Guernsey,Lithuania,7
Guernsey,Latvia,7
Guernsey,"Korea, Republic of",2
Guernsey,Italy,7
Guernsey,Ireland,7
Guernsey,India,2
Guernsey,Iceland,2
Guernsey,Hungary,7
Guernsey,Greece,5
Guernsey,Gibraltar,5
Guernsey,Germany,7
Guernsey,France,7
Guernsey,Finland,7
Guernsey,Faroe Islands,2
Guernsey,Estonia,7
Guernsey,Denmark,7
Guernsey,Czech Republic,7
Guernsey,Cyprus,5
Guernsey,Croatia,3
Guernsey,Bulgaria,6
Guernsey,Belgium,7
Guernsey,Austria,5
Guernsey,Argentina,2
Guyana,United States,2
Haiti,United States,2
Holy See,United States,3
Honduras,United States,3
Hong Kong,United States,2
Hungary,"Virgin Islands, British",7
Hungary,United States,4
Hungary,United Kingdom,9
Hungary,Switzerland,2
Hungary,Sweden,9
Hungary,Spain,9
Hungary,South Africa,4
Hungary,Slovenia,9
Hungary,Slovakia,9
Hungary,Seychelles,4
Hungary,San Marino,2
Hungary,Romania,9
Hungary,Portugal,9
Hungary,Poland,9
Hungary,Norway,4
Hungary,Netherlands,9
Hungary,Montserrat,7
Hungary,Monaco,2
Hungary,Mexico,4
Hungary,Malta,9
Hungary,Luxembourg,9
Hungary,Lithuania,9
Hungary,Liechtenstein,2
Hungary,Latvia,9
Hungary,"Korea, Republic of",4
Hungary,Jersey,11
Hungary,Italy,9
Hungary,Isle of Man,11
Hungary,Ireland,9
Hungary,India,4
Hungary,Iceland,4
Hungary,Guernsey,11
Hungary,Greece,9
Hungary,Gibraltar,9
Hungary,Germany,9
Hungary,France,9
Hungary,Finland,9
Hungary,Faroe Islands,4
Hungary,Estonia,9
Hungary,Denmark,9
Hungary,Czech Republic,9
Hungary,Cyprus,9
Hungary,Curacao,7
Hungary,Croatia,5
Hungary,Bulgaria,9
Hungary,Belgium,9
Hungary,Austria,9
Hungary,Aruba,7
Hungary,Argentina,4
Hungary,Andorra,2
Iceland,United States,3
Iceland,United Kingdom,2
Iceland,Sweden,2
Iceland,Spain,2
Iceland,South Africa,2
Iceland,Slovenia,2
Iceland,Slovakia,2
Iceland,Seychelles,2
Iceland,San Marino,2
Iceland,Romania,2
Iceland,Norway,2
Iceland,Netherlands,2
Iceland,Mexico,2
Iceland,Malta,2
Iceland,Luxembourg,2
Iceland,Lithuania,2
Iceland,Latvia,2
Iceland,"Korea, Republic of",2
Iceland,Jersey,2
Iceland,Italy,2
Iceland,Isle of Man,2
Iceland,Ireland,2
Iceland,India,2
Iceland,Hungary,2
Iceland,Guernsey,2
Iceland,Gibraltar,2
Iceland,Germany,2
Iceland,France,2
Iceland,Finland,2
Iceland,Faroe Islands,2
Iceland,Estonia,2
Iceland,Denmark,2
Iceland,Czech Republic,2
Iceland,Bulgaria,1
Iceland,Belgium,2
Iceland,Argentina,2
India,United States,3
India,United Kingdom,2
India,Sweden,2
India,Spain,2
India,South Africa,2
India,Slovenia,2
India,Seychelles,2
India,San Marino,2
India,Romania,2
India,Norway,2
India,Netherlands,2
India,Mexico,2
India,Malta,2
India,Luxembourg,2
India,Lithuania,2
India,Latvia,2
India,"Korea, Republic of",2
India,Jersey,2
India,Italy,2
India,Isle of Man,2
India,Ireland,2
India,Iceland,2
India,Hungary,2
India,Guernsey,2
India,Gibraltar,2
India,Germany,2
India,France,2
India,Finland,2
India,Faroe Islands,2
India,Estonia,2
India,Denmark,2
India,Czech Republic,2
India,Bulgaria,1
India,Belgium,2
India,Argentina,2
Indonesia,United States,2
Iraq,United States,2
Ireland,"Virgin Islands, British",7
Ireland,United States,4
Ireland,United Kingdom,9
Ireland,Switzerland,2
Ireland,Sweden,9
Ireland,Spain,9
Ireland,South Africa,2
Ireland,Slovenia,9
Ireland,Slovakia,9
Ireland,Seychelles,2
Ireland,San Marino,2
Ireland,Romania,9
Ireland,Portugal,9
Ireland,Poland,9
Ireland,Norway,2
Ireland,Netherlands,9
Ireland,Montserrat,7
Ireland,Monaco,2
Ireland,Mexico,2
Ireland,Malta,9
Ireland,Luxembourg,9
Ireland,Lithuania,9
Ireland,Liechtenstein,2
Ireland,Latvia,9
Ireland,"Korea, Republic of",2
Ireland,Jersey,9
Ireland,Italy,9
Ireland,Isle of Man,9
Ireland,India,2
Ireland,Iceland,2
Ireland,Hungary,9
Ireland,Guernsey,9
Ireland,Greece,9
Ireland,Gibraltar,9
Ireland,Germany,9
Ireland,France,9
Ireland,Finland,9
Ireland,Faroe Islands,2
Ireland,Estonia,9
Ireland,Denmark,9
Ireland,Czech Republic,9
Ireland,Cyprus,9
Ireland,Curacao,7
Ireland,Croatia,5
Ireland,Bulgaria,9
Ireland,"Bonaire, Sint Eustatius and Saba",2
Ireland,Belgium,9
Ireland,Austria,9
Ireland,Aruba,7
Ireland,Argentina,2
Ireland,Andorra,2
Isle of Man,United States,3
Isle of Man,United Kingdom,7
Isle of Man,Sweden,7
Isle of Man,Spain,7
Isle of Man,South Africa,2
Isle of Man,Slovenia,7
Isle of Man,Slovakia,7
Isle of Man,Seychelles,2
Isle of Man,San Marino,2
Isle of Man,Romania,7
Isle of Man,Portugal,5
Isle of Man,Poland,5
Isle of Man,Norway,2
Isle of Man,Netherlands,7
Isle of Man,Mexico,2
Isle of Man,Malta,7
Isle of Man,Luxembourg,7
Isle of Man,Lithuania,7
Isle of Man,Latvia,7
Isle of Man,"Korea, Republic of",2
Isle of Man,Italy,7
Isle of Man,Ireland,7
Isle of Man,India,2
Isle of Man,Iceland,2
Isle of Man,Hungary,7
Isle of Man,Greece,5
Isle of Man,Gibraltar,5
Isle of Man,Germany,7
Isle of Man,France,7
Isle of Man,Finland,7
Isle of Man,Faroe Islands,2
Isle of Man,Estonia,7
Isle of Man,Denmark,7
Isle of Man,Czech Republic,7
Isle of Man,Cyprus,5
Isle of Man,Croatia,3
Isle of Man,Bulgaria,6
Isle of Man,Belgium,7
Isle of Man,Austria,5
Isle of Man,Argentina,2
Israel,United States,2
Italy,"Virgin Islands, British",7
Italy,United States,3
Italy,United Kingdom,9
Italy,Switzerland,2
Italy,Sweden,9
Italy,Spain,9
Italy,South Africa,2
Italy,Slovenia,9
Italy,Slovakia,9
Italy,Seychelles,2
Italy,San Marino,2
Italy,Romania,9
Italy,Portugal,9
Italy,Poland,9
Italy,Norway,2
Italy,Netherlands,9
Italy,Montserrat,7
Italy,Monaco,2
Italy,Mexico,2
Italy,Malta,9
Italy,Luxembourg,9
Italy,Lithuania,9
Italy,Liechtenstein,2
Italy,Latvia,9
Italy,"Korea, Republic of",2
Italy,Jersey,9
Italy,Isle of Man,9
Italy,Ireland,9
Italy,India,2
Italy,Iceland,2
Italy,Hungary,9
Italy,Guernsey,9
Italy,Greece,9
Italy,Gibraltar,9
Italy,Germany,9
Italy,France,9
Italy,Finland,9
Italy,Faroe Islands,2
Italy,Estonia,9
Italy,Denmark,9
Italy,Czech Republic,9
Italy,Cyprus,9
Italy,Curacao,7
Italy,Croatia,5
Italy,Bulgaria,9
Italy,Belgium,9
Italy,Austria,9
Italy,Aruba,7
Italy,Argentina,2
Italy,Andorra,2
Jamaica,United States,3
Japan,United States,5
Jersey,United States,3
Jersey,United Kingdom,6
Jersey,Sweden,4
Jersey,Spain,4
Jersey,South Africa,2
Jersey,Slovenia,4
Jersey,Slovakia,4
Jersey,San Marino,2
Jersey,Romania,4
Jersey,Portugal,2
Jersey,Poland,2
Jersey,Norway,2
Jersey,Netherlands,4
Jersey,Mexico,2
Jersey,Malta,4
Jersey,Luxembourg,4
Jersey,Lithuania,4
Jersey,Latvia,4
Jersey,"Korea, Republic of",2
Jersey,Italy,4
Jersey,Ireland,4
Jersey,India,2
Jersey,Iceland,2
Jersey,Hungary,4
Jersey,Greece,2
Jersey,Gibraltar,2
Jersey,Germany,4
Jersey,France,4
Jersey,Finland,4
Jersey,Faroe Islands,2
Jersey,Estonia,4
Jersey,Denmark,4
Jersey,Czech Republic,4
Jersey,Cyprus,2
Jersey,Croatia,2
Jersey,Bulgaria,3
Jersey,Belgium,4
Jersey,Austria,2
Jersey,Argentina,2
Kazakhstan,United States,2
"Korea, Republic of",United States,2
"Korea, Republic of",United Kingdom,2
"Korea, Republic of",Sweden,2
"Korea, Republic of",Spain,2
"Korea, Republic of",South Africa,2
"Korea, Republic of",Slovenia,2
"Korea, Republic of",Slovakia,2
"Korea, Republic of",Seychelles,2
"Korea, Republic of",Romania,2
"Korea, Republic of",Norway,2
"Korea, Republic of",Netherlands,2
"Korea, Republic of",Mexico,2
"Korea, Republic of",Malta,2
"Korea, Republic of",Luxembourg,2
"Korea, Republic of",Lithuania,2
"Korea, Republic of",Latvia,2
"Korea, Republic of",Jersey,2
"Korea, Republic of",Italy,2
"Korea, Republic of",Isle of Man,2
"Korea, Republic of",Ireland,2
"Korea, Republic of",India,2
"Korea, Republic of",Iceland,2
"Korea, Republic of",Hungary,2
"Korea, Republic of",Guernsey,2
"Korea, Republic of",Gibraltar,2
"Korea, Republic of",Germany,2
"Korea, Republic of",France,2
"Korea, Republic of",Finland,2
"Korea, Republic of",Faroe Islands,2
"Korea, Republic of",Estonia,2
"Korea, Republic of",Denmark,2
"Korea, Republic of",Czech Republic,2
"Korea, Republic of",Bulgaria,1
"Korea, Republic of",Belgium,2
"Korea, Republic of",Argentina,2
Kosovo,United States,3
Kuwait,United States,2
Latvia,"Virgin Islands, British",7
Latvia,United States,4
Latvia,United Kingdom,9
Latvia,Switzerland,2
Latvia,Sweden,9
Latvia,Spain,9
Latvia,South Africa,2
Latvia,Slovenia,9
Latvia,Slovakia,9
Latvia,Seychelles,2
Latvia,San Marino,2
Latvia,Romania,9
Latvia,Portugal,9
Latvia,Poland,9
Latvia,Norway,2
Latvia,Netherlands,9
Latvia,Montserrat,7
Latvia,Monaco,2
Latvia,Mexico,2
Latvia,Malta,9
Latvia,Luxembourg,9
Latvia,Lithuania,9
Latvia,Liechtenstein,2
Latvia,"Korea, Republic of",2
Latvia,Jersey,9
Latvia,Italy,9
Latvia,Isle of Man,9
Latvia,Ireland,9
Latvia,India,2
Latvia,Iceland,2
Latvia,Hungary,9
Latvia,Guernsey,9
Latvia,Greece,9
Latvia,Gibraltar,9
Latvia,Germany,9
Latvia,France,9
Latvia,Finland,9
Latvia,Faroe Islands,2
Latvia,Estonia,9
Latvia,Denmark,9
Latvia,Czech Republic,9
Latvia,Cyprus,9
Latvia,Curacao,7
Latvia,Croatia,5
Latvia,Bulgaria,9
Latvia,Belgium,9
Latvia,Austria,9
Latvia,Aruba,7
Latvia,Argentina,2
Latvia,Andorra,2
Liechtenstein,United States,3
Liechtenstein,United Kingdom,2
Liechtenstein,Sweden,2
Liechtenstein,Spain,2
Liechtenstein,Slovenia,2
Liechtenstein,Slovakia,2
Liechtenstein,Romania,2
Liechtenstein,Portugal,2
Liechtenstein,Poland,2
Liechtenstein,Netherlands,2
Liechtenstein,Malta,2
Liechtenstein,Luxembourg,2
Liechtenstein,Lithuania,2
Liechtenstein,Latvia,2
Liechtenstein,Italy,2
Liechtenstein,Ireland,2
Liechtenstein,Hungary,2
Liechtenstein,Greece,2
Liechtenstein,Gibraltar,2
Liechtenstein,Germany,2
Liechtenstein,France,2
Liechtenstein,Finland,2
Liechtenstein,Estonia,2
Liechtenstein,Denmark,2
Liechtenstein,Czech Republic,2
Liechtenstein,Cyprus,2
Liechtenstein,Croatia,2
Liechtenstein,Bulgaria,2
Liechtenstein,Belgium,2
Liechtenstein,Austria,2
Lithuania,"Virgin Islands, British",7
Lithuania,United States,4
Lithuania,United Kingdom,9
Lithuania,Switzerland,2
Lithuania,Sweden,9
Lithuania,Spain,9
Lithuania,South Africa,2
Lithuania,Slovenia,9
Lithuania,Slovakia,9
Lithuania,Seychelles,2
Lithuania,San Marino,2
Lithuania,Romania,9
Lithuania,Portugal,9
Lithuania,Poland,9
Lithuania,Norway,2
Lithuania,Netherlands,9
Lithuania,Montserrat,7
Lithuania,Monaco,2
Lithuania,Mexico,2
Lithuania,Malta,9
Lithuania,Luxembourg,9
Lithuania,Liechtenstein,2
Lithuania,Latvia,9
Lithuania,"Korea, Republic of",2
Lithuania,Jersey,9
Lithuania,Italy,9
Lithuania,Isle of Man,9
Lithuania,Ireland,9
Lithuania,India,2
Lithuania,Iceland,2
Lithuania,Hungary,9
Lithuania,Guernsey,9
Lithuania,Greece,9
Lithuania,Gibraltar,9
Lithuania,Germany,9
Lithuania,France,9
Lithuania,Finland,9
Lithuania,Faroe Islands,2
Lithuania,Estonia,9
Lithuania,Denmark,9
Lithuania,Czech Republic,9
Lithuania,Cyprus,9
Lithuania,Curacao,7
Lithuania,Croatia,5
Lithuania,Bulgaria,9
Lithuania,Belgium,9
Lithuania,Austria,9
Lithuania,Aruba,7
Lithuania,Argentina,2
Lithuania,Andorra,2
Luxembourg,"Virgin Islands, British",2
Luxembourg,United States,3
Luxembourg,United Kingdom,4
Luxembourg,Switzerland,2
Luxembourg,Sweden,4
Luxembourg,Spain,4
Luxembourg,South Africa,2
Luxembourg,Slovenia,4
Luxembourg,Slovakia,4
Luxembourg,Seychelles,2
Luxembourg,San Marino,2
Luxembourg,Romania,4
Luxembourg,Portugal,4
Luxembourg,Poland,4
Luxembourg,Norway,2
Luxembourg,Netherlands,4
Luxembourg,Montserrat,2
Luxembourg,Monaco,2
Luxembourg,Mexico,2
Luxembourg,Malta,4
Luxembourg,Lithuania,4
Luxembourg,Liechtenstein,2
Luxembourg,Latvia,4
Luxembourg,"Korea, Republic of",2
Luxembourg,Jersey,4
Luxembourg,Italy,4
Luxembourg,Isle of Man,4
Luxembourg,Ireland,4
Luxembourg,India,2
Luxembourg,Iceland,2
Luxembourg,Hungary,4
Luxembourg,Guernsey,4
Luxembourg,Greece,4
Luxembourg,Gibraltar,4
Luxembourg,Germany,4
Luxembourg,France,4
Luxembourg,Finland,4
Luxembourg,Faroe Islands,2
Luxembourg,Estonia,4
Luxembourg,Denmark,4
Luxembourg,Czech Republic,4
Luxembourg,Cyprus,4
Luxembourg,Curacao,2
Luxembourg,Croatia,4
Luxembourg,Bulgaria,4
Luxembourg,"Bonaire, Sint Eustatius and Saba",2
Luxembourg,Belgium,4
Luxembourg,Austria,4
Luxembourg,Aruba,2
Luxembourg,Argentina,2
Luxembourg,Andorra,2
Macao,United States,2
Malaysia,United States,2
Malta,"Virgin Islands, British",7
Malta,United States,4
Malta,United Kingdom,9
Malta,Switzerland,2
Malta,Sweden,9
Malta,Spain,9
Malta,South Africa,2
Malta,Slovenia,9
Malta,Slovakia,9
Malta,Seychelles,2
Malta,San Marino,2
Malta,Romania,9
Malta,Portugal,9
Malta,Poland,9
Malta,Norway,2
Malta,Netherlands,9
Malta,Montserrat,7
Malta,Monaco,2
Malta,Mexico,2
Malta,Luxembourg,9
Malta,Lithuania,9
Malta,Liechtenstein,2
Malta,Latvia,9
Malta,"Korea, Republic of",2
Malta,Jersey,9
Malta,Italy,9
Malta,Isle of Man,9
Malta,Ireland,9
Malta,India,2
Malta,Iceland,2
Malta,Hungary,9
Malta,Guernsey,9
Malta,Greece,9
Malta,Gibraltar,9
Malta,Germany,9
Malta,France,9
Malta,Finland,9
Malta,Faroe Islands,2
Malta,Estonia,9
Malta,Denmark,9
Malta,Czech Republic,9
Malta,Cyprus,9
Malta,Curacao,7
Malta,Croatia,5
Malta,Bulgaria,9
Malta,Belgium,9
Malta,Austria,9
Malta,Aruba,7
Malta,Argentina,2
Malta,Andorra,2
Mauritius,United States,4
Mexico,United States,4
Mexico,United Kingdom,2
Mexico,Sweden,2
Mexico,Spain,2
Mexico,South Africa,2
Mexico,Slovenia,2
Mexico,Slovakia,2
Mexico,Seychelles,2
Mexico,San Marino,2
Mexico,Romania,2
Mexico,Norway,2
Mexico,Netherlands,2
Mexico,Malta,2
Mexico,Luxembourg,2
Mexico,Lithuania,2
Mexico,Latvia,2
Mexico,"Korea, Republic of",2
Mexico,Jersey,2
Mexico,Italy,2
Mexico,Isle of Man,2
Mexico,Ireland,2
Mexico,India,2
Mexico,Iceland,2
Mexico,Hungary,2
Mexico,Guernsey,2
Mexico,Gibraltar,2
Mexico,Germany,2
Mexico,France,2
Mexico,Finland,2
Mexico,Faroe Islands,2
Mexico,Estonia,2
Mexico,Denmark,2
Mexico,Czech Republic,2
Mexico,Bulgaria,1
Mexico,Belgium,2
Mexico,Argentina,2
"Moldova, Republic of",United States,2
Monaco,United Kingdom,2
Monaco,Sweden,2
Monaco,Spain,2
Monaco,Slovenia,2
Monaco,Slovakia,2
Monaco,Romania,2
Monaco,Portugal,2
Monaco,Poland,2
Monaco,Netherlands,2
Monaco,Malta,2
Monaco,Luxembourg,2
Monaco,Lithuania,2
Monaco,Latvia,2
Monaco,Italy,2
Monaco,Ireland,2
Monaco,Hungary,2
Monaco,Greece,2
Monaco,Gibraltar,2
Monaco,Germany,2
Monaco,France,2
Monaco,Finland,2
Monaco,Estonia,2
Monaco,Denmark,2
Monaco,Czech Republic,2
Monaco,Cyprus,2
Monaco,Croatia,2
Monaco,Bulgaria,2
Monaco,Belgium,2
Monaco,Austria,2
Montenegro,United States,2
Montserrat,United States,2
Montserrat,United Kingdom,9
Montserrat,Sweden,7
Montserrat,Spain,7
Montserrat,Slovenia,7
Montserrat,Slovakia,7
Montserrat,Romania,7
Montserrat,Portugal,7
Montserrat,Poland,7
Montserrat,Netherlands,7
Montserrat,Malta,7
Montserrat,Luxembourg,7
Montserrat,Lithuania,7
Montserrat,Latvia,7
Montserrat,Italy,7
Montserrat,Ireland,7
Montserrat,Hungary,7
Montserrat,Greece,7
Montserrat,Gibraltar,7
Montserrat,Germany,7
Montserrat,France,7
Montserrat,Finland,7
Montserrat,Estonia,7
Montserrat,Denmark,7
Montserrat,Czech Republic,7
Montserrat,Cyprus,7
Montserrat,Croatia,3
Montserrat,Bulgaria,7
Montserrat,Belgium,7
Montserrat,Austria,7
Netherlands,"Virgin Islands, British",7
Netherlands,United States,3
Netherlands,United Kingdom,9
Netherlands,Switzerland,2
Netherlands,Sweden,9
Netherlands,Spain,9
Netherlands,South Africa,2
Netherlands,Slovenia,9
Netherlands,Slovakia,9
Netherlands,Seychelles,2
Netherlands,San Marino,2
Netherlands,Romania,9
Netherlands,Portugal,9
Netherlands,Poland,9
Netherlands,Norway,2
Netherlands,Montserrat,7
Netherlands,Monaco,2
Netherlands,Mexico,2
Netherlands,Malta,9
Netherlands,Luxembourg,9
Netherlands,Lithuania,9
Netherlands,Liechtenstein,2
Netherlands,Latvia,9
Netherlands,"Korea, Republic of",2
Netherlands,Jersey,9
Netherlands,Italy,9
Netherlands,Isle of Man,9
Netherlands,Ireland,9
Netherlands,India,2
Netherlands,Iceland,2
Netherlands,Hungary,9
Netherlands,Guernsey,9
Netherlands,Greece,9
Netherlands,Gibraltar,9
Netherlands,Germany,9
Netherlands,France,9
Netherlands,Finland,9
Netherlands,Faroe Islands,2
Netherlands,Estonia,9
Netherlands,Denmark,9
Netherlands,Czech Republic,9
Netherlands,Cyprus,9
Netherlands,Curacao,7
Netherlands,Croatia,5
Netherlands,Bulgaria,9
Netherlands,Belgium,9
Netherlands,Austria,9
Netherlands,Aruba,7
Netherlands,Argentina,2
Netherlands,Andorra,2
New Zealand,United States,4
Nicaragua,United States,2
Norway,United States,4
Norway,United Kingdom,2
Norway,Sweden,2
Norway,Spain,2
Norway,South Africa,2
Norway,Slovenia,2
Norway,Slovakia,2
Norway,Seychelles,2
Norway,San Marino,2
Norway,Romania,2
Norway,Netherlands,2
Norway,Mexico,2
Norway,Malta,2
Norway,Luxembourg,2
Norway,Lithuania,2
Norway,Latvia,2
Norway,"Korea, Republic of",2
Norway,Jersey,2
Norway,Italy,2
Norway,Isle of Man,2
Norway,Ireland,2
Norway,India,2
Norway,Iceland,2
Norway,Hungary,2
Norway,Guernsey,2
Norway,Gibraltar,2
Norway,Germany,2
Norway,France,2
Norway,Finland,2
Norway,Faroe Islands,2
Norway,Estonia,2
Norway,Denmark,2
Norway,Czech Republic,2
Norway,Bulgaria,1
Norway,Belgium,2
Norway,Argentina,2
Panama,United States,2
Paraguay,United States,2
Peru,United States,2
Philippines,United States,2
Poland,"Virgin Islands, British",7
Poland,United States,3
Poland,United Kingdom,9
Poland,Switzerland,2
Poland,Sweden,9
Poland,Spain,9
Poland,Slovenia,9
Poland,Slovakia,9
Poland,San Marino,2
Poland,Romania,9
Poland,Portugal,9
Poland,Netherlands,9
Poland,Montserrat,7
Poland,Monaco,2
Poland,Malta,9
Poland,Luxembourg,9
Poland,Lithuania,9
Poland,Liechtenstein,2
Poland,Latvia,9
Poland,Jersey,7
Poland,Italy,9
Poland,Isle of Man,7
Poland,Ireland,9
Poland,Hungary,9
Poland,Guernsey,7
Poland,Greece,9
Poland,Gibraltar,9
Poland,Germany,9
Poland,France,9
Poland,Finland,9
Poland,Estonia,9
Poland,Denmark,9
Poland,Czech Republic,9
Poland,Cyprus,9
Poland,Curacao,7
Poland,Croatia,5
Poland,Bulgaria,9
Poland,Belgium,9
Poland,Austria,9
Poland,Aruba,7
Poland,Andorra,2
Portugal,"Virgin Islands, British",7
Portugal,United States,2
Portugal,United Kingdom,9
Portugal,Switzerland,2
Portugal,Sweden,9
Portugal,Spain,9
Portugal,Slovenia,9
Portugal,Slovakia,9
Portugal,San Marino,2
Portugal,Romania,9
Portugal,Poland,9
Portugal,Netherlands,9
Portugal,Montserrat,7
Portugal,Monaco,2
Portugal,Malta,9
Portugal,Luxembourg,9
Portugal,Lithuania,9
Portugal,Liechtenstein,2
Portugal,Latvia,9
Portugal,Jersey,7
Portugal,Italy,9
Portugal,Isle of Man,7
Portugal,Ireland,9
Portugal,Hungary,9
Portugal,Guernsey,7
Portugal,Greece,9
Portugal,Gibraltar,9
Portugal,Germany,9
Portugal,France,9
Portugal,Finland,9
Portugal,Estonia,9
Portugal,Denmark,9
Portugal,Czech Republic,9
Portugal,Cyprus,9
Portugal,Curacao,7
Portugal,Croatia,5
Portugal,Bulgaria,9
Portugal,Belgium,9
Portugal,Austria,9
Portugal,Aruba,7
Portugal,Andorra,2
Qatar,United States,3
Romania,"Virgin Islands, British",7
Romania,United States,3
Romania,United Kingdom,9
Romania,Switzerland,2
Romania,Sweden,9
Romania,Spain,9
Romania,South Africa,2
Romania,Slovenia,9
Romania,Slovakia,9
Romania,Seychelles,2
Romania,San Marino,2
Romania,Portugal,9
Romania,Poland,9
Romania,Norway,2
Romania,Netherlands,9
Romania,Montserrat,7
Romania,Monaco,2
Romania,Mexico,2
Romania,Malta,9
Romania,Luxembourg,9
Romania,Lithuania,9
Romania,Liechtenstein,2
Romania,Latvia,9
Romania,"Korea, Republic of",2
Romania,Jersey,9
Romania,Italy,9
Romania,Isle of Man,9
Romania,Ireland,9
Romania,India,2
Romania,Iceland,2
Romania,Hungary,9
Romania,Guernsey,9
Romania,Greece,9
Romania,Gibraltar,9
Romania,Germany,9
Romania,France,9
Romania,Finland,9
Romania,Faroe Islands,2
Romania,Estonia,9
Romania,Denmark,9
Romania,Czech Republic,9
Romania,Cyprus,9
Romania,Curacao,7
Romania,Croatia,5
Romania,Bulgaria,9
Romania,Belgium,9
Romania,Austria,9
Romania,Aruba,7
Romania,Argentina,2
Romania,Andorra,2
Saint Kitts and Nevis,United States,2
Saint Lucia,United States,2
Saint Vincent and the Grenadines,United States,2
San Marino,United States,2
San Marino,United Kingdom,2
San Marino,Sweden,2
San Marino,Spain,2
San Marino,Slovenia,2
San Marino,Slovakia,2
San Marino,Romania,2
San Marino,Portugal,2
San Marino,Poland,2
San Marino,Norway,2
San Marino,Netherlands,2
San Marino,Mexico,2
San Marino,Malta,2
San Marino,Luxembourg,2
San Marino,Lithuania,2
San Marino,Latvia,2
San Marino,Jersey,2
San Marino,Italy,2
San Marino,Isle of Man,2
San Marino,Ireland,2
San Marino,India,2
San Marino,Iceland,2
San Marino,Hungary,2
San Marino,Guernsey,2
San Marino,Greece,2
San Marino,Gibraltar,2
San Marino,Germany,2
San Marino,France,2
San Marino,Finland,2
San Marino,Faroe Islands,2
San Marino,Estonia,2
San Marino,Denmark,2
San Marino,Czech Republic,2
San Marino,Cyprus,2
San Marino,Croatia,2
San Marino,Bulgaria,2
San Marino,Belgium,2
San Marino,Austria,2
Saudi Arabia,United States,2
Serbia,United States,2
Seychelles,United States,2
Seychelles,United Kingdom,2
Seychelles,Sweden,2
Seychelles,Spain,2
Seychelles,South Africa,2
Seychelles,Slovenia,2
Seychelles,Slovakia,2
Seychelles,Romania,2
Seychelles,Norway,2
Seychelles,Netherlands,2
Seychelles,Mexico,2
Seychelles,Malta,2
Seychelles,Luxembourg,2
Seychelles,Lithuania,2
Seychelles,Latvia,2
Seychelles,"Korea, Republic of",2
Seychelles,Italy,2
Seychelles,Isle of Man,2
Seychelles,Ireland,2
Seychelles,India,2
Seychelles,Iceland,2
Seychelles,Hungary,2
Seychelles,Guernsey,2
Seychelles,Gibraltar,2
Seychelles,Germany,2
Seychelles,France,2
Seychelles,Finland,2
Seychelles,Estonia,2
Seychelles,Denmark,2
Seychelles,Czech Republic,2
Seychelles,Bulgaria,1
Seychelles,Belgium,2
Seychelles,Argentina,2
Singapore,United States,3
Slovakia,"Virgin Islands, British",7
Slovakia,United States,3
Slovakia,United Kingdom,9
Slovakia,Switzerland,2
Slovakia,Sweden,9
Slovakia,Spain,9
Slovakia,Slovenia,9
Slovakia,San Marino,2
Slovakia,Romania,9
Slovakia,Portugal,9
Slovakia,Poland,9
Slovakia,Netherlands,9
Slovakia,Montserrat,7
Slovakia,Monaco,2
Slovakia,Malta,9
Slovakia,Luxembourg,9
Slovakia,Lithuania,9
Slovakia,Liechtenstein,2
Slovakia,Latvia,9
Slovakia,Jersey,7
Slovakia,Italy,9
Slovakia,Isle of Man,7
Slovakia,Ireland,9
Slovakia,Hungary,9
Slovakia,Guernsey,7
Slovakia,Greece,9
Slovakia,Gibraltar,9
Slovakia,Germany,9
Slovakia,France,9
Slovakia,Finland,9
Slovakia,Estonia,9
Slovakia,Denmark,9
Slovakia,Czech Republic,9
Slovakia,Cyprus,9
Slovakia,Curacao,7
Slovakia,Croatia,5
Slovakia,Bulgaria,9
Slovakia,Belgium,9
Slovakia,Austria,9
Slovakia,Aruba,7
Slovakia,Andorra,2
Slovenia,"Virgin Islands, British",7
Slovenia,United States,4
Slovenia,United Kingdom,9
Slovenia,Switzerland,2
Slovenia,Sweden,9
Slovenia,Spain,9
Slovenia,South Africa,2
Slovenia,Slovakia,9
Slovenia,Seychelles,2
Slovenia,San Marino,2
Slovenia,Romania,9
Slovenia,Portugal,9
Slovenia,Poland,9
Slovenia,Norway,2
Slovenia,Netherlands,9
Slovenia,Montserrat,7
Slovenia,Monaco,2
Slovenia,Mexico,2
Slovenia,Malta,9
Slovenia,Luxembourg,9
Slovenia,Lithuania,9
Slovenia,Liechtenstein,2
Slovenia,Latvia,9
Slovenia,"Korea, Republic of",2
Slovenia,Jersey,9
Slovenia,Italy,9
Slovenia,Isle of Man,9
Slovenia,Ireland,9
Slovenia,India,2
Slovenia,Iceland,2
Slovenia,Hungary,9
Slovenia,Guernsey,9
Slovenia,Greece,9
Slovenia,Gibraltar,9
Slovenia,Germany,9
Slovenia,France,9
Slovenia,Finland,9
Slovenia,Faroe Islands,2
Slovenia,Estonia,9
Slovenia,Denmark,9
Slovenia,Czech Republic,9
Slovenia,Cyprus,9
Slovenia,Curacao,7
Slovenia,Croatia,5
Slovenia,Bulgaria,9
Slovenia,"Bonaire, Sint Eustatius and Saba",2
Slovenia,Belgium,9
Slovenia,Austria,9
Slovenia,Aruba,7
Slovenia,Argentina,2
Slovenia,Andorra,2
South Africa,United States,4
South Africa,United Kingdom,2
South Africa,Sweden,2
South Africa,Spain,2
South Africa,Slovenia,2
South Africa,Slovakia,2
South Africa,Seychelles,2
South Africa,Romania,2
South Africa,Norway,2
South Africa,Netherlands,2
South Africa,Mexico,2
South Africa,Malta,2
South Africa,Luxembourg,2
South Africa,Lithuania,2
South Africa,Latvia,2
South Africa,"Korea, Republic of",2
South Africa,Jersey,2
South Africa,Italy,2
South Africa,Isle of Man,2
South Africa,Ireland,2
South Africa,India,2
South Africa,Iceland,2
South Africa,Hungary,2
South Africa,Guernsey,2
South Africa,Gibraltar,2
South Africa,Germany,2
South Africa,France,2
South Africa,Finland,2
South Africa,Faroe Islands,2
South Africa,Estonia,2
South Africa,Denmark,2
South Africa,Czech Republic,2
South Africa,Bulgaria,1
South Africa,Belgium,2
South Africa,Argentina,2
Spain,"Virgin Islands, British",7
Spain,United States,5
Spain,United Kingdom,9
Spain,Switzerland,2
Spain,Sweden,9
Spain,South Africa,2
Spain,Slovenia,9
Spain,Slovakia,9
Spain,Seychelles,2
Spain,San Marino,2
Spain,Romania,9
Spain,Portugal,9
Spain,Poland,9
Spain,Norway,2
Spain,Netherlands,9
Spain,Montserrat,7
Spain,Monaco,2
Spain,Mexico,2
Spain,Malta,9
Spain,Luxembourg,9
Spain,Lithuania,9
Spain,Liechtenstein,2
Spain,Latvia,9
Spain,"Korea, Republic of",2
Spain,Jersey,9
Spain,Italy,9
Spain,Isle of Man,9
Spain,Ireland,9
Spain,India,2
Spain,Iceland,2
Spain,Hungary,9
Spain,Guernsey,9
Spain,Greece,9
Spain,Gibraltar,9
Spain,Germany,9
Spain,France,9
Spain,Finland,9
Spain,Faroe Islands,2
Spain,Estonia,9
Spain,Denmark,9
Spain,Czech Republic,9
Spain,Cyprus,9
Spain,Curacao,7
Spain,Croatia,5
Spain,Bulgaria,9
Spain,"Bonaire, Sint Eustatius and Saba",2
Spain,Belgium,9
Spain,Austria,9
Spain,Aruba,7
Spain,Argentina,2
Spain,Andorra,2
Sweden,"Virgin Islands, British",7
Sweden,United States,3
Sweden,United Kingdom,9
Sweden,Switzerland,2
Sweden,Spain,9
Sweden,South Africa,2
Sweden,Slovenia,9
Sweden,Slovakia,9
Sweden,Seychelles,2
Sweden,San Marino,2
Sweden,Romania,9
Sweden,Portugal,9
Sweden,Poland,9
Sweden,Norway,2
Sweden,Netherlands,9
Sweden,Montserrat,7
Sweden,Monaco,2
Sweden,Mexico,2
Sweden,Malta,9
Sweden,Luxembourg,9
Sweden,Lithuania,9
Sweden,Liechtenstein,2
Sweden,Latvia,9
Sweden,"Korea, Republic of",2
Sweden,Jersey,9
Sweden,Italy,9
Sweden,Isle of Man,9
Sweden,Ireland,9
Sweden,India,2
Sweden,Iceland,2
Sweden,Hungary,9
Sweden,Guernsey,9
Sweden,Greece,9
Sweden,Gibraltar,9
Sweden,Germany,9
Sweden,France,9
Sweden,Finland,9
Sweden,Faroe Islands,2
Sweden,Estonia,9
Sweden,Denmark,9
Sweden,Czech Republic,9
Sweden,Cyprus,9
Sweden,Curacao,7
Sweden,Croatia,5
Sweden,Bulgaria,9
Sweden,"Bonaire, Sint Eustatius and Saba",2
Sweden,Belgium,9
Sweden,Austria,9
Sweden,Aruba,7
Sweden,Argentina,2
Sweden,Andorra,2
Switzerland,United States,4
Switzerland,United Kingdom,2
Switzerland,Sweden,2
Switzerland,Spain,2
Switzerland,Slovenia,2
Switzerland,Slovakia,2
Switzerland,Romania,2
Switzerland,Portugal,2
Switzerland,Poland,2
Switzerland,Netherlands,2
Switzerland,Malta,2
Switzerland,Luxembourg,2
Switzerland,Lithuania,2
Switzerland,Latvia,2
Switzerland,Italy,2
Switzerland,Ireland,2
Switzerland,Hungary,2
Switzerland,Greece,2
Switzerland,Gibraltar,2
Switzerland,Germany,2
Switzerland,France,2
Switzerland,Finland,2
Switzerland,Estonia,2
Switzerland,Denmark,2
Switzerland,Czech Republic,2
Switzerland,Cyprus,2
Switzerland,Croatia,2
Switzerland,Bulgaria,2
Switzerland,Belgium,2
Switzerland,Austria,2
"Taiwan, Province of China",United States,2
Thailand,United States,2
Trinidad and Tobago,United States,2
Tunisia,United States,2
Turkey,United States,2
Turkmenistan,United States,2
Turks and Caicos Islands,United States,3
Turks and Caicos Islands,United Kingdom,8
Turks and Caicos Islands,Sweden,6
Turks and Caicos Islands,Spain,6
Turks and Caicos Islands,South Africa,2
Turks and Caicos Islands,Slovenia,6
Turks and Caicos Islands,Slovakia,4
Turks and Caicos Islands,Seychelles,2
Turks and Caicos Islands,Romania,6
Turks and Caicos Islands,Portugal,4
Turks and Caicos Islands,Poland,4
Turks and Caicos Islands,Norway,2
Turks and Caicos Islands,Netherlands,6
Turks and Caicos Islands,Mexico,2
Turks and Caicos Islands,Malta,6
Turks and Caicos Islands,Luxembourg,6
Turks and Caicos Islands,Lithuania,6
Turks and Caicos Islands,Latvia,6
Turks and Caicos Islands,"Korea, Republic of",2
Turks and Caicos Islands,Italy,6
Turks and Caicos Islands,Ireland,6
Turks and Caicos Islands,India,2
Turks and Caicos Islands,Iceland,2
Turks and Caicos Islands,Hungary,6
Turks and Caicos Islands,Greece,4
Turks and Caicos Islands,Gibraltar,4
Turks and Caicos Islands,Germany,6
Turks and Caicos Islands,France,6
Turks and Caicos Islands,Finland,6
Turks and Caicos Islands,Faroe Islands,2
Turks and Caicos Islands,Estonia,6
Turks and Caicos Islands,Denmark,6
Turks and Caicos Islands,Czech Republic,6
Turks and Caicos Islands,Cyprus,4
Turks and Caicos Islands,Croatia,3
Turks and Caicos Islands,Bulgaria,5
Turks and Caicos Islands,Belgium,6
Turks and Caicos Islands,Austria,4
Turks and Caicos Islands,Argentina,2
Ukraine,United States,2
United Arab Emirates,United States,2
United Kingdom,"Virgin Islands, British",7
United Kingdom,United States,4
United Kingdom,Switzerland,2
United Kingdom,Sweden,9
United Kingdom,Spain,9
United Kingdom,South Africa,2
United Kingdom,Slovenia,9
United Kingdom,Slovakia,9
United Kingdom,Seychelles,2
United Kingdom,San Marino,2
United Kingdom,Romania,9
United Kingdom,Portugal,9
United Kingdom,Poland,9
United Kingdom,Norway,2
United Kingdom,Netherlands,9
United Kingdom,Montserrat,7
United Kingdom,Monaco,2
United Kingdom,Mexico,2
United Kingdom,Malta,9
United Kingdom,Luxembourg,9
United Kingdom,Lithuania,9
United Kingdom,Liechtenstein,2
United Kingdom,Latvia,9
United Kingdom,"Korea, Republic of",2
United Kingdom,Jersey,11
United Kingdom,Italy,9
United Kingdom,Isle of Man,9
United Kingdom,Ireland,9
United Kingdom,India,2
United Kingdom,Iceland,2
United Kingdom,Hungary,9
United Kingdom,Guernsey,11
United Kingdom,Greece,9
United Kingdom,Gibraltar,13
United Kingdom,Germany,9
United Kingdom,France,9
United Kingdom,Finland,9
United Kingdom,Faroe Islands,2
United Kingdom,Estonia,9
United Kingdom,Denmark,9
United Kingdom,Czech Republic,9
United Kingdom,Cyprus,9
United Kingdom,Curacao,7
United Kingdom,Croatia,5
United Kingdom,Bulgaria,9
United Kingdom,"Bonaire, Sint Eustatius and Saba",2
United Kingdom,Belgium,9
United Kingdom,Austria,9
United Kingdom,Aruba,7
United Kingdom,Argentina,2
United Kingdom,Andorra,2
United States,United Kingdom,4
United States,Turkey,2
United States,Trinidad and Tobago,2
United States,Thailand,2
United States,Sweden,3
United States,Spain,5
United States,South Africa,4
United States,Slovenia,4
United States,Slovakia,3
United States,Saint Lucia,2
United States,Romania,3
United States,Portugal,2
United States,Poland,3
United States,Philippines,2
United States,Panama,2
United States,Norway,4
United States,New Zealand,4
United States,Netherlands,3
United States,Mexico,4
United States,Mauritius,4
United States,Malta,4
United States,Luxembourg,3
United States,Lithuania,4
United States,Liechtenstein,3
United States,Latvia,4
United States,"Korea, Republic of",2
United States,Jersey,3
United States,Jamaica,3
United States,Italy,3
United States,Israel,2
United States,Isle of Man,3
United States,Ireland,4
United States,India,3
United States,Iceland,3
United States,Hungary,4
United States,Honduras,3
United States,Guyana,2
United States,Guernsey,3
United States,Gibraltar,3
United States,Germany,5
United States,France,4
United States,Finland,3
United States,Estonia,4
United States,Dominican Republic,2
United States,Denmark,3
United States,Czech Republic,4
United States,Cyprus,3
United States,Curacao,2
United States,Croatia,2
United States,Costa Rica,2
United States,Colombia,3
United States,Canada,4
United States,Brazil,3
United States,Belgium,2
United States,Barbados,3
United States,Azerbaijan,3
United States,Australia,4
Uzbekistan,United States,2
Viet Nam,United States,2
"Virgin Islands, British",United States,3
"Virgin Islands, British",United Kingdom,9
"Virgin Islands, British",Sweden,7
"Virgin Islands, British",Spain,7
"Virgin Islands, British",South Africa,2
"Virgin Islands, British",Slovenia,7
"Virgin Islands, British",Slovakia,7
"Virgin Islands, British",Seychelles,2
"Virgin Islands, British",San Marino,2
"Virgin Islands, British",Romania,5
"Virgin Islands, British",Portugal,5
"Virgin Islands, British",Poland,5
"Virgin Islands, British",Norway,2
"Virgin Islands, British",Netherlands,7
"Virgin Islands, British",Mexico,2
"Virgin Islands, British",Malta,7
"Virgin Islands, British",Luxembourg,7
"Virgin Islands, British",Lithuania,7
"Virgin Islands, British",Latvia,7
"Virgin Islands, British","Korea, Republic of",2
"Virgin Islands, British",Italy,7
"Virgin Islands, British",Ireland,7
"Virgin Islands, British",India,2
"Virgin Islands, British",Iceland,2
"Virgin Islands, British",Hungary,7
"Virgin Islands, British",Greece,5
"Virgin Islands, British",Gibraltar,5
"Virgin Islands, British",Germany,7
"Virgin Islands, British",France,7
"Virgin Islands, British",Finland,7
"Virgin Islands, British",Faroe Islands,2
"Virgin Islands, British",Estonia,7
"Virgin Islands, British",Denmark,7
"Virgin Islands, British",Czech Republic,7
"Virgin Islands, British",Cyprus,5
"Virgin Islands, British",Croatia,3
"Virgin Islands, British",Bulgaria,7
"Virgin Islands, British",Belgium,7
"Virgin Islands, British",Austria,5
"Virgin Islands, British",Argentina,2
